{
  "configVersion": 1,
  "timestamp": 1639719386782,
  "index": "/index.html",
  "assetGroups": [
    {
      "name": "C2",
      "installMode": "prefetch",
      "updateMode": "prefetch",
      "cacheQueryOptions": {
        "ignoreVary": true
      },
      "urls": [
        "/10-es2015.8719aeea64018e881167.js",
        "/10-es5.8719aeea64018e881167.js",
        "/11-es2015.910c1aca92ef4c368977.js",
        "/11-es5.910c1aca92ef4c368977.js",
        "/12-es2015.df4807e6c1e36ebacda8.js",
        "/12-es5.df4807e6c1e36ebacda8.js",
        "/13-es2015.ed803056e19035c8edc6.js",
        "/13-es5.ed803056e19035c8edc6.js",
        "/14-es2015.69a7d14b713a2b6551a2.js",
        "/14-es5.69a7d14b713a2b6551a2.js",
        "/15-es2015.6ec0b7809c73e8936eda.js",
        "/15-es5.6ec0b7809c73e8936eda.js",
        "/16-es2015.be27b007835a57d708ac.js",
        "/16-es5.be27b007835a57d708ac.js",
        "/17-es2015.3befd48a60ba46b524a8.js",
        "/17-es5.3befd48a60ba46b524a8.js",
        "/18-es2015.368e37d66cb140a1adf1.js",
        "/18-es5.368e37d66cb140a1adf1.js",
        "/19-es2015.c046d0a025dcca27d924.js",
        "/19-es5.c046d0a025dcca27d924.js",
        "/2-es2015.cb794e8c1af6bf51125d.js",
        "/2-es5.cb794e8c1af6bf51125d.js",
        "/20-es2015.c75aaa9c737a6e2d5dc2.js",
        "/20-es5.c75aaa9c737a6e2d5dc2.js",
        "/21-es2015.41ef7a1115a9b4a55687.js",
        "/21-es5.41ef7a1115a9b4a55687.js",
        "/22-es2015.c0a19cba8ea19b6dedfc.js",
        "/22-es5.c0a19cba8ea19b6dedfc.js",
        "/23-es2015.3f1ac8e7e319209213c4.js",
        "/23-es5.3f1ac8e7e319209213c4.js",
        "/24-es2015.b390966bfbab8414eb4c.js",
        "/24-es5.b390966bfbab8414eb4c.js",
        "/25-es2015.9e981b4f0d7628526c2a.js",
        "/25-es5.9e981b4f0d7628526c2a.js",
        "/26-es2015.85df5a4f3c774d0bb234.js",
        "/26-es5.85df5a4f3c774d0bb234.js",
        "/27-es2015.8b79bd41a689a792eaca.js",
        "/27-es5.8b79bd41a689a792eaca.js",
        "/28-es2015.a4631dc60a22c7336031.js",
        "/28-es5.a4631dc60a22c7336031.js",
        "/29-es2015.e33669cca3406999ee82.js",
        "/29-es5.e33669cca3406999ee82.js",
        "/30-es2015.3b565f453be9f9ce8765.js",
        "/30-es5.3b565f453be9f9ce8765.js",
        "/31-es2015.7c5fc3730fbcf58c64a7.js",
        "/31-es5.7c5fc3730fbcf58c64a7.js",
        "/32-es2015.a2a494a93cdeca896c58.js",
        "/32-es5.a2a494a93cdeca896c58.js",
        "/33-es2015.2fedb9a35e6b22a18647.js",
        "/33-es5.2fedb9a35e6b22a18647.js",
        "/34-es2015.a729b57b4e9f6bad5da5.js",
        "/34-es5.a729b57b4e9f6bad5da5.js",
        "/35-es2015.819420cca8a31ce813c1.js",
        "/35-es5.819420cca8a31ce813c1.js",
        "/36-es2015.d36b8d7d27dcc475e926.js",
        "/36-es5.d36b8d7d27dcc475e926.js",
        "/37-es2015.208b7e1e21c5e9367ed6.js",
        "/37-es5.208b7e1e21c5e9367ed6.js",
        "/38-es2015.93de2c934598ea6e47ec.js",
        "/38-es5.93de2c934598ea6e47ec.js",
        "/39-es2015.29b458220226e20fa9f7.js",
        "/39-es5.29b458220226e20fa9f7.js",
        "/40-es2015.319db592ef67ce53417d.js",
        "/40-es5.319db592ef67ce53417d.js",
        "/41-es2015.384c771ed05c2f5ceb51.js",
        "/41-es5.384c771ed05c2f5ceb51.js",
        "/42-es2015.bbebf28d947b92a057bc.js",
        "/42-es5.bbebf28d947b92a057bc.js",
        "/43-es2015.3737345b461c3eab6511.js",
        "/43-es5.3737345b461c3eab6511.js",
        "/44-es2015.f0a21d91c5ccddd8b910.js",
        "/44-es5.f0a21d91c5ccddd8b910.js",
        "/45-es2015.4d0ebd78fc9e448e3659.js",
        "/45-es5.4d0ebd78fc9e448e3659.js",
        "/46-es2015.ae41f083af0c99e217e9.js",
        "/46-es5.ae41f083af0c99e217e9.js",
        "/47-es2015.4c23424100dad71a32e7.js",
        "/47-es5.4c23424100dad71a32e7.js",
        "/48-es2015.605a3638588442a38057.js",
        "/48-es5.605a3638588442a38057.js",
        "/49-es2015.bd4e3cfdde818ba4f4e8.js",
        "/49-es5.bd4e3cfdde818ba4f4e8.js",
        "/50-es2015.ed9aeca86c6a6ccf087d.js",
        "/50-es5.ed9aeca86c6a6ccf087d.js",
        "/51-es2015.2660bb90b02177c39943.js",
        "/51-es5.2660bb90b02177c39943.js",
        "/52-es2015.62911c1d2534a05ed4ce.js",
        "/52-es5.62911c1d2534a05ed4ce.js",
        "/53-es2015.f34032fa2edf36fbe2b3.js",
        "/53-es5.f34032fa2edf36fbe2b3.js",
        "/54-es2015.670a105985bf23df216a.js",
        "/54-es5.670a105985bf23df216a.js",
        "/55-es2015.ae6e2836e22c9a588040.js",
        "/55-es5.ae6e2836e22c9a588040.js",
        "/56-es2015.9d9d6eaf72571a8a58a2.js",
        "/56-es5.9d9d6eaf72571a8a58a2.js",
        "/57-es2015.87e09bed8f34810ebc30.js",
        "/57-es5.87e09bed8f34810ebc30.js",
        "/58-es2015.f0b9c0e2155c9634a987.js",
        "/58-es5.f0b9c0e2155c9634a987.js",
        "/59-es2015.6b45f8645aab9882001a.js",
        "/59-es5.6b45f8645aab9882001a.js",
        "/60-es2015.dc716b21c14e72de6d7c.js",
        "/60-es5.dc716b21c14e72de6d7c.js",
        "/61-es2015.44713115b9217db0a605.js",
        "/61-es5.44713115b9217db0a605.js",
        "/common-es2015.2cb381027a739588ecc0.js",
        "/common-es5.2cb381027a739588ecc0.js",
        "/index.html",
        "/main-es2015.3caa5890e7a1839395de.js",
        "/main-es5.3caa5890e7a1839395de.js",
        "/manifest.webmanifest",
        "/polyfills-core-js-es2015.889538a5be7d1852e8ce.js",
        "/polyfills-core-js-es5.889538a5be7d1852e8ce.js",
        "/polyfills-css-shim-es2015.8d21dab4e3dad7f2e9e5.js",
        "/polyfills-css-shim-es5.8d21dab4e3dad7f2e9e5.js",
        "/polyfills-dom-es2015.9e177b67cdd001dde465.js",
        "/polyfills-dom-es5.9e177b67cdd001dde465.js",
        "/polyfills-es2015.e47f985adeaa3fb70385.js",
        "/polyfills-es5.260e8b00d055d016e686.js",
        "/runtime-es2015.5cad15edd7902f158130.js",
        "/runtime-es5.5cad15edd7902f158130.js",
        "/styles.73643dde694add60aec6.css"
      ],
      "patterns": []
    },
    {
      "name": "assets",
      "installMode": "lazy",
      "updateMode": "prefetch",
      "cacheQueryOptions": {
        "ignoreVary": true
      },
      "urls": [
        "/assets/custom-ion-icons/add.svg",
        "/assets/custom-ion-icons/android.svg",
        "/assets/custom-ion-icons/bookmark.svg",
        "/assets/custom-ion-icons/cancel.svg",
        "/assets/custom-ion-icons/comment.svg",
        "/assets/custom-ion-icons/delete.svg",
        "/assets/custom-ion-icons/delightful.svg",
        "/assets/custom-ion-icons/edit.svg",
        "/assets/custom-ion-icons/help.svg",
        "/assets/custom-ion-icons/info.svg",
        "/assets/custom-ion-icons/left-arrow.svg",
        "/assets/custom-ion-icons/link.svg",
        "/assets/custom-ion-icons/loader.svg",
        "/assets/custom-ion-icons/menu.svg",
        "/assets/custom-ion-icons/more.svg",
        "/assets/custom-ion-icons/neutral.svg",
        "/assets/custom-ion-icons/right-arrow.svg",
        "/assets/custom-ion-icons/sad.svg",
        "/assets/custom-ion-icons/save.svg",
        "/assets/custom-ion-icons/search.svg",
        "/assets/custom-ion-icons/share.svg",
        "/assets/custom-ion-icons/warning.svg",
        "/assets/font/Ubuntu/UFL.txt",
        "/assets/font/Ubuntu/Ubuntu-Bold.ttf",
        "/assets/font/Ubuntu/Ubuntu-BoldItalic.ttf",
        "/assets/font/Ubuntu/Ubuntu-Italic.ttf",
        "/assets/font/Ubuntu/Ubuntu-Light.ttf",
        "/assets/font/Ubuntu/Ubuntu-LightItalic.ttf",
        "/assets/font/Ubuntu/Ubuntu-Medium.ttf",
        "/assets/font/Ubuntu/Ubuntu-MediumItalic.ttf",
        "/assets/font/Ubuntu/Ubuntu-Regular.ttf",
        "/assets/json"
      ],
      "patterns": []
    }
  ],
  "dataGroups": [],
  "hashTable": {
    "/10-es2015.8719aeea64018e881167.js": "4c4953c159c0b41c299c35590bb56f9f4659d42f",
    "/10-es5.8719aeea64018e881167.js": "4de9b653814a1f4ab443994486382329b81b21ac",
    "/11-es2015.910c1aca92ef4c368977.js": "798693df9f24ca452a4f574d207497d8dd6665ed",
    "/11-es5.910c1aca92ef4c368977.js": "393fb9f5ddb17101f42920f42ac0822207c23080",
    "/12-es2015.df4807e6c1e36ebacda8.js": "6354da73bcb965e627a837d1360e7f3f8b9985f2",
    "/12-es5.df4807e6c1e36ebacda8.js": "966069336c7e36fb7795661226fecb40c4e36732",
    "/13-es2015.ed803056e19035c8edc6.js": "39a8510d6ad97b004c87486bc88e6daaaa84a3e4",
    "/13-es5.ed803056e19035c8edc6.js": "b779bd7fa9bb26713953390398880e811eeba44a",
    "/14-es2015.69a7d14b713a2b6551a2.js": "f89ae7ae787f52e421f71b3f6d98a5d949570841",
    "/14-es5.69a7d14b713a2b6551a2.js": "bc97c0031eaff3dd986ff2b48842548146fbf768",
    "/15-es2015.6ec0b7809c73e8936eda.js": "883d2b2aee1c758cc37748fb9a09dcd116aec949",
    "/15-es5.6ec0b7809c73e8936eda.js": "15d69034ceb80afd550efcc17c9551847ba1aed9",
    "/16-es2015.be27b007835a57d708ac.js": "a3f0761931175944c59780e062fd3953ad2d3ffc",
    "/16-es5.be27b007835a57d708ac.js": "bf3cc02ca9e21b3b3e391a4d284c0cb0348c7dc6",
    "/17-es2015.3befd48a60ba46b524a8.js": "649727e698c9c0a566dd390072d477ac8832748d",
    "/17-es5.3befd48a60ba46b524a8.js": "c9e7154137f744fad30a7e1a396879581b7adac0",
    "/18-es2015.368e37d66cb140a1adf1.js": "15a215da5cba638bef9422d52e08feaa7cb6a28d",
    "/18-es5.368e37d66cb140a1adf1.js": "f0cce1eb5494fd6a0e954973a895b4c9ca457dd2",
    "/19-es2015.c046d0a025dcca27d924.js": "0965161f027c8e1f8a3ea023ff8269be428fb7a7",
    "/19-es5.c046d0a025dcca27d924.js": "60740b472e002526f9d783f7a2986f20e8578640",
    "/2-es2015.cb794e8c1af6bf51125d.js": "f00c4f6c29f30c2f76e8caa37dca50b128d2f785",
    "/2-es5.cb794e8c1af6bf51125d.js": "4f5e01cc4a53a5e99f4f6ddebfd2c27430713638",
    "/20-es2015.c75aaa9c737a6e2d5dc2.js": "6ffcd8a0a62d7a42d29640f8c379ba5e42777c29",
    "/20-es5.c75aaa9c737a6e2d5dc2.js": "c6b1f205eec9a38d8352158883cd0200b8a0d044",
    "/21-es2015.41ef7a1115a9b4a55687.js": "f8d4ec00aaf019e2d179b8260c27baac9c50e69d",
    "/21-es5.41ef7a1115a9b4a55687.js": "90d1b776311196f43c5a2ab39486f6a83473be35",
    "/22-es2015.c0a19cba8ea19b6dedfc.js": "cfad16dfd2afd5f35ef7a575ff1c8058f11eb735",
    "/22-es5.c0a19cba8ea19b6dedfc.js": "ad4037fb826ee7b34699997ec907cf5e0f9c761c",
    "/23-es2015.3f1ac8e7e319209213c4.js": "17fbc5dc084d0e381b00e88a7a5e336b2c1703a3",
    "/23-es5.3f1ac8e7e319209213c4.js": "541d2e28061d83401e7999e6a81106c32d02d5a4",
    "/24-es2015.b390966bfbab8414eb4c.js": "bb7dccf0f330525955a947378585829d4d7c2740",
    "/24-es5.b390966bfbab8414eb4c.js": "5ab12444508f301ebbca819ac5e93a49bec5fdc5",
    "/25-es2015.9e981b4f0d7628526c2a.js": "16391ba3ef819195f922cf89e70de661a5d7b751",
    "/25-es5.9e981b4f0d7628526c2a.js": "78198b97ca8288db634e97844b3a51f549ad2828",
    "/26-es2015.85df5a4f3c774d0bb234.js": "9e84a9f0e33b36987c47f556b97ef703ff7b0a13",
    "/26-es5.85df5a4f3c774d0bb234.js": "b91657c4ee7321fdf01ac23cdddce25abac45bef",
    "/27-es2015.8b79bd41a689a792eaca.js": "37cb91042f1ba250cb73498f6f185067186cfae5",
    "/27-es5.8b79bd41a689a792eaca.js": "3da6b39d8463f5cb5b9babf50f3d0a9bc378804e",
    "/28-es2015.a4631dc60a22c7336031.js": "a8bbdda3ebf5d2d462a04e3059a9d5200a5eaef5",
    "/28-es5.a4631dc60a22c7336031.js": "4dc3ddb0b2ba128325f5dcd8c5e811c725590ac1",
    "/29-es2015.e33669cca3406999ee82.js": "383b10c8fea41eb874be7215c5d0ecc24c46309c",
    "/29-es5.e33669cca3406999ee82.js": "f9b6859505ef17da999466314922ddf319886f1d",
    "/30-es2015.3b565f453be9f9ce8765.js": "b5e8bb58eb797c50b4e09280c902d4620338f7f7",
    "/30-es5.3b565f453be9f9ce8765.js": "0a59cbb0bbf02c283d96eb4926dc1f7608e176ac",
    "/31-es2015.7c5fc3730fbcf58c64a7.js": "52545dc1e29609ba16100b33b10a3aebef9f8462",
    "/31-es5.7c5fc3730fbcf58c64a7.js": "4d90e0195ba7ead085027cee9b949cda4148e37d",
    "/32-es2015.a2a494a93cdeca896c58.js": "20c2a7d8b27e391ae7e773671500261200a866a6",
    "/32-es5.a2a494a93cdeca896c58.js": "eaaa51481a4ab4b12af5fcd576c1f2f89ad92f96",
    "/33-es2015.2fedb9a35e6b22a18647.js": "207338c3c0fd8117bcb5276a026beb982a1e99d3",
    "/33-es5.2fedb9a35e6b22a18647.js": "7645594885388e9328ae632af5eef587d5dc2233",
    "/34-es2015.a729b57b4e9f6bad5da5.js": "a6219a9a428385d5a6d63afb283f1fc9ac1b1a75",
    "/34-es5.a729b57b4e9f6bad5da5.js": "0fb9cb49b969128d5a76f7b41b404325f1b58235",
    "/35-es2015.819420cca8a31ce813c1.js": "cb61804bedb65fb59d62c827131041802346a4f1",
    "/35-es5.819420cca8a31ce813c1.js": "41dbcf18456a43909f91bef3e482d76083c23e09",
    "/36-es2015.d36b8d7d27dcc475e926.js": "af0ac0943d391856a3085ae8a46ea3b6f20381d0",
    "/36-es5.d36b8d7d27dcc475e926.js": "60e3e800d900050aa170d980a50b0fd3ffd5e080",
    "/37-es2015.208b7e1e21c5e9367ed6.js": "d3b1115d23502d7e96ffa518ca5561b02cb3fba1",
    "/37-es5.208b7e1e21c5e9367ed6.js": "2d50658ac6a548c978ee996dc45d4fca9461c5e2",
    "/38-es2015.93de2c934598ea6e47ec.js": "d882e1f38878bcaf494487e2ec225e963ce1630f",
    "/38-es5.93de2c934598ea6e47ec.js": "f6be03506b87272a50c26e05a02d21aa691dd94e",
    "/39-es2015.29b458220226e20fa9f7.js": "7708f62b9340f0b251821fb4c9e538d80949dc08",
    "/39-es5.29b458220226e20fa9f7.js": "3d589a33ee04b2053745d8800f7e8c444b7c26b5",
    "/40-es2015.319db592ef67ce53417d.js": "9831033c080bf127abd922b557bb59945e381ef8",
    "/40-es5.319db592ef67ce53417d.js": "7781c5caee1908551c2cd7d63cb19e6d78830ba9",
    "/41-es2015.384c771ed05c2f5ceb51.js": "d00343dd792121fc08904dd3885c67f6dea1db08",
    "/41-es5.384c771ed05c2f5ceb51.js": "b1efd86e8ecf17a9e59db821e8b327093a0e76c2",
    "/42-es2015.bbebf28d947b92a057bc.js": "0e14981417e3dbb7274cc6f906218be528389903",
    "/42-es5.bbebf28d947b92a057bc.js": "37efb47cb9b8283c741d7e5cbe658af1d9686e3e",
    "/43-es2015.3737345b461c3eab6511.js": "5e6d4e71c97bb35709664d28a5e5dea419175685",
    "/43-es5.3737345b461c3eab6511.js": "6a5b802937640188e7864775c9715a4dcfb9f121",
    "/44-es2015.f0a21d91c5ccddd8b910.js": "c91cb031854938dca303d0440cb38bb70e285530",
    "/44-es5.f0a21d91c5ccddd8b910.js": "34c87ad7df53104e41e692c10a59110146146f13",
    "/45-es2015.4d0ebd78fc9e448e3659.js": "beff19a7534da0b6de8fe49818a486c23ee0edf0",
    "/45-es5.4d0ebd78fc9e448e3659.js": "f7cf81e55afcfcdaa0895031994bdbf5c5a5916f",
    "/46-es2015.ae41f083af0c99e217e9.js": "5af69d037df4b134d876988bd17d3036801e26f7",
    "/46-es5.ae41f083af0c99e217e9.js": "9bd679451609c79c609ef82de821ed04f6cc8b84",
    "/47-es2015.4c23424100dad71a32e7.js": "55659c90f44bfca5473aa89d6989793a70e9ec32",
    "/47-es5.4c23424100dad71a32e7.js": "3e278b3e07335ff3cf0e261c308cb7fd90f4e01a",
    "/48-es2015.605a3638588442a38057.js": "2fa60c6406b0bdb5b70667e2da75bf94f9dca5c4",
    "/48-es5.605a3638588442a38057.js": "b18b421e5b513cce09a844a186d6341d9c403d7a",
    "/49-es2015.bd4e3cfdde818ba4f4e8.js": "6a76a3841eea635c67520a9cfc55cd6866bed204",
    "/49-es5.bd4e3cfdde818ba4f4e8.js": "3ff4852f355cd7d5036b2b06d69f2aa405ea055a",
    "/50-es2015.ed9aeca86c6a6ccf087d.js": "94386b34cab56c8f1872e6dbaba26c6e047172c0",
    "/50-es5.ed9aeca86c6a6ccf087d.js": "9c8a9abd21b70cbd42e6760837fff315a2f09318",
    "/51-es2015.2660bb90b02177c39943.js": "6bc4732fd617900f4667bca06c92ceea7fe864a5",
    "/51-es5.2660bb90b02177c39943.js": "f700b93f862924c8b414ac26f901e35c0255d004",
    "/52-es2015.62911c1d2534a05ed4ce.js": "22c5bbd16fe16158540f50283e439608504802a8",
    "/52-es5.62911c1d2534a05ed4ce.js": "46448af8ffba99afa270aee1d1a7f2c5ae77940c",
    "/53-es2015.f34032fa2edf36fbe2b3.js": "8ee9a6d3bd0a4f7ee8b584db0ebb576791c00602",
    "/53-es5.f34032fa2edf36fbe2b3.js": "97008d39a6b910d8de592a019eb5ef2f873031bd",
    "/54-es2015.670a105985bf23df216a.js": "c6cf51cdb6070758f4e21806a55b8ca990c7e2c9",
    "/54-es5.670a105985bf23df216a.js": "7cd666dc8176745357dcb20fbf6991d4462d7e2c",
    "/55-es2015.ae6e2836e22c9a588040.js": "f0fc4a0b7f3f79c5520b253319d7aa538638240a",
    "/55-es5.ae6e2836e22c9a588040.js": "3794abdcb3560926bab0cae1be5c1025bb9434dc",
    "/56-es2015.9d9d6eaf72571a8a58a2.js": "3e662040009d9f0912982bdb10e14b4593a1ff08",
    "/56-es5.9d9d6eaf72571a8a58a2.js": "b0a04a9ee6b025cfeeffc80b5e8a169812268d1b",
    "/57-es2015.87e09bed8f34810ebc30.js": "3e9d1ac3b63f69b130a41ef0faa232281fc23903",
    "/57-es5.87e09bed8f34810ebc30.js": "380a82f98cb82c53b93e155f3b75e7f967fa69c6",
    "/58-es2015.f0b9c0e2155c9634a987.js": "b7278d4c974a51b7fa3168ffabbdf6232010f273",
    "/58-es5.f0b9c0e2155c9634a987.js": "a6dfd31394b6292ea3c22028217cce35657322d9",
    "/59-es2015.6b45f8645aab9882001a.js": "3c24ab48d846db974bbd1564a1625a9bfb5d7907",
    "/59-es5.6b45f8645aab9882001a.js": "4d0f413f3d12101b675c5f545b8b447c5c1e70cd",
    "/60-es2015.dc716b21c14e72de6d7c.js": "3759f3afd6badffb64d1332eedd1057ecfc17fad",
    "/60-es5.dc716b21c14e72de6d7c.js": "938d1c85b4a7efc8a7839b8427084e4423744398",
    "/61-es2015.44713115b9217db0a605.js": "9a9594f0cd6661bccfbe284a5fc9d290614cbd30",
    "/61-es5.44713115b9217db0a605.js": "ed50d68d5c5b9d9bc071a98440c28c5fef0d6c65",
    "/assets/custom-ion-icons/add.svg": "328bd21f9a4d8d68497f79967a19f59f325d3c37",
    "/assets/custom-ion-icons/android.svg": "4264adca3db20461b74a32bc7df8bfc96ceb022c",
    "/assets/custom-ion-icons/bookmark.svg": "d0b2b81f90bbbe25dbece2a25fb0126e50af38f8",
    "/assets/custom-ion-icons/cancel.svg": "69a681b0cc29adb43da551fc2b26f6f1aeba04ff",
    "/assets/custom-ion-icons/comment.svg": "bc4b6c6457ca1e3503e6d634f8f92fb3639af0f7",
    "/assets/custom-ion-icons/delete.svg": "f6ad5aeccbaecf88c5ae521e7f3a9adea74e93bc",
    "/assets/custom-ion-icons/delightful.svg": "45a2432a26fd37f20c89b10bb396b79bf1f0d5a3",
    "/assets/custom-ion-icons/edit.svg": "fca825359e27c21b3b54dec7e3fe13e141dcc48f",
    "/assets/custom-ion-icons/help.svg": "067e0f846463b7576688be5c3fcd58041cf0c43d",
    "/assets/custom-ion-icons/info.svg": "3194fad0b10be1b562fb9dbf186634df65bf42ed",
    "/assets/custom-ion-icons/left-arrow.svg": "1f17d5271bbf4ff9f9035a994cf6c39bba3ddbec",
    "/assets/custom-ion-icons/link.svg": "0342adf5760a98dd9206d49202f17b0e260c09f1",
    "/assets/custom-ion-icons/loader.svg": "0c73979478dd72692826de49186832c182f2cd00",
    "/assets/custom-ion-icons/menu.svg": "e2fac56ce61c0e4b2efafaa85e8469ed444fef94",
    "/assets/custom-ion-icons/more.svg": "b0df211926746dae26db67d49390b24e87e1cad1",
    "/assets/custom-ion-icons/neutral.svg": "e159444e8fd9425d61bc0c79276452adc9e7c001",
    "/assets/custom-ion-icons/right-arrow.svg": "c7027d8d47bdfaeb13ddd991f9ca01a1a1f58aa9",
    "/assets/custom-ion-icons/sad.svg": "1c958c3bcfcc4afc05fc95c9c7549832fdb7dde9",
    "/assets/custom-ion-icons/save.svg": "4af5ea24bb7265ba84a3e751ce525eaf4789e5a2",
    "/assets/custom-ion-icons/search.svg": "b25867a3f0628939da9d7f482374f4a5beac88cd",
    "/assets/custom-ion-icons/share.svg": "40b09f98fe1a1df98ad7e19b31890da576b1813c",
    "/assets/custom-ion-icons/warning.svg": "ee0d1dbc595bf70db0ebc7a6653a1c84e45cbe8e",
    "/assets/font/Ubuntu/UFL.txt": "72062da2045ec80b124ba50d667306ef4396763c",
    "/assets/font/Ubuntu/Ubuntu-Bold.ttf": "e501312778bfff6e001a2ad4610a1b454c524443",
    "/assets/font/Ubuntu/Ubuntu-BoldItalic.ttf": "a97b4460eb65b5c7d9d883e7272ecc775eb07255",
    "/assets/font/Ubuntu/Ubuntu-Italic.ttf": "750d057ad6b1b77d9b92134b4c5a1869fe0f128d",
    "/assets/font/Ubuntu/Ubuntu-Light.ttf": "5f88f07d61cb63e065f565c3ace8fd12394e071b",
    "/assets/font/Ubuntu/Ubuntu-LightItalic.ttf": "8b29af4ca27240de9082033c1026feffe3aac4e8",
    "/assets/font/Ubuntu/Ubuntu-Medium.ttf": "8f9552f4661c80d13082dbf72a38ab4585d0b8a9",
    "/assets/font/Ubuntu/Ubuntu-MediumItalic.ttf": "cda0bdfd72829725a0d7554b14d30773b04aa1ba",
    "/assets/font/Ubuntu/Ubuntu-Regular.ttf": "31b6449384c3fe8d10a483814fe68302dc05485f",
    "/assets/json": "da39a3ee5e6b4b0d3255bfef95601890afd80709",
    "/common-es2015.2cb381027a739588ecc0.js": "b642a48f3ee85c44dc00133339b9c786a92dc589",
    "/common-es5.2cb381027a739588ecc0.js": "4f7f2faac23f93cdea4004b6b065b77abef13687",
    "/index.html": "dc4c04429ee04dbf900596897c625e762493b622",
    "/main-es2015.3caa5890e7a1839395de.js": "a0f797fa9e25f874bac6598c9035f17ac0b8647f",
    "/main-es5.3caa5890e7a1839395de.js": "df9533237fff88a447c37e49a175724ea7f90bb4",
    "/manifest.webmanifest": "dd2b29156f2a9357addf260a90babb11af89e1c1",
    "/polyfills-core-js-es2015.889538a5be7d1852e8ce.js": "f71279ef311f3c1cecc661b8aabe632959a282f8",
    "/polyfills-core-js-es5.889538a5be7d1852e8ce.js": "ef94a2815cc399cb7888d8fbab75ea5fbdc275b3",
    "/polyfills-css-shim-es2015.8d21dab4e3dad7f2e9e5.js": "924bf9b17195a81bb8b42682bde8d9f7e4bf98ff",
    "/polyfills-css-shim-es5.8d21dab4e3dad7f2e9e5.js": "924bf9b17195a81bb8b42682bde8d9f7e4bf98ff",
    "/polyfills-dom-es2015.9e177b67cdd001dde465.js": "3d12740300342a24e404779d9c0a06c58f44ec7c",
    "/polyfills-dom-es5.9e177b67cdd001dde465.js": "3d12740300342a24e404779d9c0a06c58f44ec7c",
    "/polyfills-es2015.e47f985adeaa3fb70385.js": "8295ad1dba07e7c92179a4f54bce1a0845653ef7",
    "/polyfills-es5.260e8b00d055d016e686.js": "429004d2d6a6928cf8f462c2bafaf56e4b25fe3c",
    "/runtime-es2015.5cad15edd7902f158130.js": "a5889afe8300499e18b180d33ffe4bf6dc778458",
    "/runtime-es5.5cad15edd7902f158130.js": "225a254dc8afaea0195cd22a81c4630a19a26c15",
    "/styles.73643dde694add60aec6.css": "cd6b9061e2e95e9f0ff3a22b29d5d92b765ac6a3"
  },
  "navigationUrls": [
    {
      "positive": true,
      "regex": "^\\/.*$"
    },
    {
      "positive": false,
      "regex": "^\\/(?:.+\\/)?[^/]*\\.[^/]*$"
    },
    {
      "positive": false,
      "regex": "^\\/(?:.+\\/)?[^/]*__[^/]*$"
    },
    {
      "positive": false,
      "regex": "^\\/(?:.+\\/)?[^/]*__[^/]*\\/.*$"
    }
  ],
  "navigationRequestStrategy": "performance"
}